"PONTO","X","Y","CE_0_10","CE_10_30","CE_30_50","ph_0_10","ph_10_30","ph_30_50","CE_1_m","CE_0_5_m","SM_1_m","SM_0_5_m"
"P21",751389,9405374,1.61,1.56,1.17,8.43,8.29,8.27,112.099418640137,62.560359954834,0.66620135307312,0.0525558106601238
"P22",751341,9405366,0.88,0.45,0.48,8.21,8.1,8.04,129.750381469727,75.0685272216797,0.824968695640564,0.0595771931111813
"P23",751292,9405358,3.86,7.93,6.85,8.2,7.76,7.75,131.922485351562,71.9818954467773,1.16405153274536,0.0961762145161629
"P24",751243,9405344,4.02,2.35,6.4,7.85,7.48,7.44,170.800994873047,96.474739074707,1.56855392456055,0.175335079431534
"P25",751190,9405344,83.31,35.5,34.37,6.92,6.97,6.77,137.124877929688,69.4610366821289,1.61134457588196,0.221952006220818
